id,site_name,address,postcode,access_codes,access_instructions,site_contact_name,site_contact_phone,site_contact_email,notes,created_at,updated_at
0031f77b-bb0a-42d2-a41b-92b00feb00a0,Arkwright,,S44 5HF,,,,,,,2026-03-21 05:21:07.549226+00,2026-03-21 05:21:07.549226+00
0144a602-b8ea-4537-a6fd-897102002639,Ketton 1,,PE9 3SX,,,,,,,2026-03-21 05:21:07.549226+00,2026-03-21 05:21:07.549226+00
02a9ed88-60d5-4a00-9eef-d3e058b0b654,Westerfield,,OX18 3NX,,,,,,,2026-03-21 05:21:07.549226+00,2026-03-21 05:21:07.549226+00
0320b71d-a899-49d4-92e8-ca83988442f5,Southam,,CV47 2QG,,,,,,,2026-03-21 05:21:07.549226+00,2026-03-21 05:21:07.549226+00
03b4a2a2-1c7f-4a97-82dc-1b26466fe011,Drakelow,,DE15 9TY,,,,,,,2026-03-21 05:21:07.549226+00,2026-03-21 05:21:07.549226+00
045e9e4d-f386-4ba0-be2b-b2c5e9a03b8f,Thurcroft,,S66 9JD,,,,,,,2026-03-21 05:21:07.549226+00,2026-03-21 05:21:07.549226+00
04acb0a3-ab9f-454d-8a5d-6b0e069fc2ea,Skegness,,PE24 4UF,,,,,,,2026-03-21 05:21:07.549226+00,2026-03-21 05:21:07.549226+00
08794731-d975-477f-a767-eb83d4ea54e4,Whitelake,,BA4 6SY,,,,,,,2026-03-21 05:21:07.549226+00,2026-03-21 05:21:07.549226+00
098d7b68-d58a-4f7f-9681-e6da5fdf29c8,Burnt House,,PE7 2HS,,,,,,,2026-03-21 05:21:07.549226+00,2026-03-21 05:21:07.549226+00
0a0cb556-269f-4a61-9b8b-e3fea2306c21,Port Farm,,SN6 6JT,,,,,,,2026-03-21 05:21:07.549226+00,2026-03-21 05:21:07.549226+00
110e2ab3-ca4e-4530-beeb-4f23b6aa472c,Millar Farm,,BT41 2JJ,,,,,,,2026-03-21 05:21:07.549226+00,2026-03-21 05:21:07.549226+00
117456a3-5f19-46ea-af40-9411aecb59dd,Westfield,,PR3 0PU,,,,,,,2026-03-21 05:21:07.549226+00,2026-03-21 05:21:07.549226+00
14cd5eab-15be-4a94-b2b4-453ee51ae154,Upper Farm,,SO24 9SA,,,,,,,2026-03-21 05:21:07.549226+00,2026-03-21 05:21:07.549226+00
1574550b-3145-4613-8038-7006efe75847,Cobbs Cross,,TA5 2AG,,,,,,,2026-03-21 05:21:07.549226+00,2026-03-21 05:21:07.549226+00
1a0c03f8-58fa-4763-a773-f476d44767dc,Ardleigh,,CO7 7SS,,,,,,,2026-03-21 05:21:07.549226+00,2026-03-21 05:21:07.549226+00
1acc02d8-f242-44b0-b890-6092e325f065,West Woodlands,,BA11 5EN,,,,,,,2026-03-21 05:21:07.549226+00,2026-03-21 05:21:07.549226+00
1e99d943-f68f-4b0c-99f9-18db141b0462,Wisbridge,,SG8 8AH,,,,,,,2026-03-21 05:21:07.549226+00,2026-03-21 05:21:07.549226+00
1faa2e22-54db-4b18-80be-271c6c2003f0,Westwood,,CT12 5AS,,,,,,,2026-03-21 05:21:07.549226+00,2026-03-21 05:21:07.549226+00
21ca8018-0a4c-41ca-8d50-3a28da190d39,Croydon,,SG8 0DZ,,,,,,,2026-03-21 05:21:07.549226+00,2026-03-21 05:21:07.549226+00
225d959b-cfe4-4f14-ad05-b1d78bb27f5d,Tooleys,,CM6 3AA,,,,,,,2026-03-21 05:21:07.549226+00,2026-03-21 05:21:07.549226+00
2376bec1-3506-4959-a694-62cb1a3a5110,Milk Wall,,GL16 8QD,,,,,,,2026-03-21 05:21:07.549226+00,2026-03-21 05:21:07.549226+00
26e24274-1f71-4a33-8e6e-d727ee5bf099,Rampisham,,DT2 0HS,,,,,,,2026-03-21 05:21:07.549226+00,2026-03-21 05:21:07.549226+00
276246b7-eee0-4d80-87aa-1235fc985dc6,Hall Farm (XC),,NR15 1NA,,,,,,,2026-03-21 05:21:07.549226+00,2026-03-21 05:21:07.549226+00
28118401-1a3b-48b3-afc5-69d46bccf24d,Knowlton,,CT3 1PT,,,,,,,2026-03-21 05:21:07.549226+00,2026-03-21 05:21:07.549226+00
2934ca1f-135e-4f6b-9844-c8e9550081b3,Week Farm,,EX38 7HU,,,,,,,2026-03-21 05:21:07.549226+00,2026-03-21 05:21:07.549226+00
2a84d225-37a0-48ac-be08-10913a8648df,Berwick,,BN26 6TR,,,,,,,2026-03-21 05:21:07.549226+00,2026-03-21 05:21:07.549226+00
2c43f73e-1969-4e8c-9864-57d6df3ca97a,Hollies,,PE24 4SH,,,,,,,2026-03-21 05:21:07.549226+00,2026-03-21 05:21:07.549226+00
2dda260a-32fa-428f-b830-b6e388cac6d6,Upper Huntingford,,GL12 8EY,,,,,,,2026-03-21 05:21:07.549226+00,2026-03-21 05:21:07.549226+00
2efb2a47-f663-4b06-b7de-347e7e69ec32,Lovedean,,PO8 8RY,,,,,,,2026-03-21 05:21:07.549226+00,2026-03-21 05:21:07.549226+00
2f9ceb4f-6f8e-4410-a59b-ec014e222c9b,Gosfield,,CO9 1SA,,,,,,,2026-03-21 05:21:07.549226+00,2026-03-21 05:21:07.549226+00
36d2ee0f-6708-4ce5-a622-67460f97cce1,Owl's Hatch,,CT6 7NU,,,,,,,2026-03-21 05:21:07.549226+00,2026-03-21 05:21:07.549226+00
378bed3e-b450-49e3-82e8-75edd707de23,Cantelupe,,CB23 1LY,,,,,,,2026-03-21 05:21:07.549226+00,2026-03-21 05:21:07.549226+00
37ba0759-4b33-470f-8d0f-211e4aefa794,Beachampton,,MK19 6EA,,,,,,,2026-03-21 05:21:07.549226+00,2026-03-21 05:21:07.549226+00
380f503b-1589-4341-a6a3-eb7ace16f6c0,Weston Longville,,NR9 5LG,,,,,,,2026-03-21 05:21:07.549226+00,2026-03-21 05:21:07.549226+00
3ab358ea-538c-4d73-bb44-2b7138affd1c,Atherstone,,CV9 3DT,,,,,,,2026-03-21 05:21:07.549226+00,2026-03-21 05:21:07.549226+00
3ac1942d-6917-4875-a7bc-1d4596a5874a,Caswell,,BA22 9RH,,,,,,,2026-03-21 05:21:07.549226+00,2026-03-21 05:21:07.549226+00
3b92372f-8e12-4f02-92fe-74589d3125f5,Pyworthy,,EX22 6LJ,,,,,,,2026-03-21 05:21:07.549226+00,2026-03-21 05:21:07.549226+00
3db49b22-5338-4d2c-ad26-512383c28efb,Weston Longville (ABB),,NR9 5JF,,,,,,,2026-03-21 05:21:07.549226+00,2026-03-21 05:21:07.549226+00
3ecd9ab2-a08b-4b9f-bfb8-fecba6da806c,Capelands,,EX32 7JN,,,,,,,2026-03-21 05:21:07.549226+00,2026-03-21 05:21:07.549226+00
3f247b33-85ee-4b4a-be79-28dbb03f8b23,Ayshford,,EX16 7HL,,,,,,,2026-03-21 05:21:07.549226+00,2026-03-21 05:21:07.549226+00
4022910f-20b8-4e74-9ce8-50e8196aed1b,Kencot,,GL7 3QY,,,,,,,2026-03-21 05:21:07.549226+00,2026-03-21 05:21:07.549226+00
40940012-e997-4f71-99c4-d2d03b7ec3e9,Aller Court,,TA10 0QR,,,,,,,2026-03-21 05:21:07.549226+00,2026-03-21 05:21:07.549226+00
42e4fadc-9551-4abc-a66f-20983168faef,Kickles,,MK16 8EF,,,,,,,2026-03-21 05:21:07.549226+00,2026-03-21 05:21:07.549226+00
433fd1ad-3541-475b-98a2-b7e52bdcff2c,Wambrook,,TA20 3PS,,,,,,,2026-03-21 05:21:07.549226+00,2026-03-21 05:21:07.549226+00
452b0b1f-f992-4c5b-bd54-365c7e0172fd,Aston House,,DE6 5AG,,,,,,,2026-03-21 05:21:07.549226+00,2026-03-21 05:21:07.549226+00
4540e226-f335-4a3f-9c7a-266fdaec5a42,Higher Tregarne,,TR11 5PH,,,,,,,2026-03-21 05:21:07.549226+00,2026-03-21 05:21:07.549226+00
48c1723b-fd01-40bb-9d38-92b7057ec6a3,Higher Trevartha,,PL14 3NJ,,,,,,,2026-03-21 05:21:07.549226+00,2026-03-21 05:21:07.549226+00
49ab56fa-65cc-4f1c-a62d-de265d0bae8a,Langenhoe,,CO5 7NA,,,,,,,2026-03-21 05:21:07.549226+00,2026-03-21 05:21:07.549226+00
4ae83513-2012-4fbf-85ca-b932d9468376,Queen Elisabeth II,,KT12 3PP,,,,,,,2026-03-21 05:21:07.549226+00,2026-03-21 05:21:07.549226+00
4b0641c8-cce6-40b2-a331-6274b0cc3de2,Holton,,IP19 8PQ,,,,,,,2026-03-21 05:21:07.549226+00,2026-03-21 05:21:07.549226+00
4b2a37ae-420c-47be-af2a-7f337d5c8246,Cooper House,,PR4 1HX,,,,,,,2026-03-21 05:21:07.549226+00,2026-03-21 05:21:07.549226+00
4b97df08-e832-4471-ae34-d04058e1d6b7,Aspatria,,CA7 3JU,,,,,,,2026-03-21 05:21:07.549226+00,2026-03-21 05:21:07.549226+00
4c8f11e8-b2c0-41f5-b21a-23e707366772,Wadebridge,,PL27 6EJ,,,,,,,2026-03-21 05:21:07.549226+00,2026-03-21 05:21:07.549226+00
4ca4d3f0-1ea3-4be0-b3d0-9322ab257a06,Trench Farm,,LL13 0NA,,,,,,,2026-03-21 05:21:07.549226+00,2026-03-21 05:21:07.549226+00
4cb72715-a49f-4e89-b5fa-1f00f36d1f9d,Old Rides,,ME12 4BD,,,,,,,2026-03-21 05:21:07.549226+00,2026-03-21 05:21:07.549226+00
512c29b9-8855-4805-8e6a-ff81f7f3dd0c,Crewkerne 1,,TA18 7NX,,,,,,,2026-03-21 05:21:07.549226+00,2026-03-21 05:21:07.549226+00
552c5916-450c-417d-a3f0-7aabf61abd7c,Fareham,,PO14 1JD,,,,,,,2026-03-21 05:21:07.549226+00,2026-03-21 05:21:07.549226+00
55311387-02cc-4f68-9f86-8865cdfa57fa,Marchington,,DE6 5GX,,,,,,,2026-03-21 05:21:07.549226+00,2026-03-21 05:21:07.549226+00
568fdc4a-5ed5-4be1-b679-caced0ee7823,Stragglethorpe,,NG12 2DR,,,,,,,2026-03-21 05:21:07.549226+00,2026-03-21 05:21:07.549226+00
5a8cd7ff-a41b-447a-920c-a6e80344b1b0,Christchurch,,BH23 8JX,,,,,,,2026-03-21 05:21:07.549226+00,2026-03-21 05:21:07.549226+00
5b856501-f64d-4d7e-a7f5-d00371797640,Sandridge,,SN12 7GT,,,,,,,2026-03-21 05:21:07.549226+00,2026-03-21 05:21:07.549226+00
60b4e8b8-0530-474a-af5d-f7139c5a2b69,Teyrdan,,LL29 8YU,,,,,,,2026-03-21 05:21:07.549226+00,2026-03-21 05:21:07.549226+00
629f21cc-9997-44e8-b284-c624fe1161cf,Capel Grange,,TN12 6QU,,,,,,,2026-03-21 05:21:07.549226+00,2026-03-21 05:21:07.549226+00
630789c1-779c-47ab-b6fe-19f3cc520657,Bobbing,,ME9 8NN,,,,,,,2026-03-21 05:21:07.549226+00,2026-03-21 05:21:07.549226+00
6308be9e-2cf5-4478-a251-6690eaaa2e31,Kerriers,,PL30 5LR,,,,,,,2026-03-21 05:21:07.549226+00,2026-03-21 05:21:07.549226+00
636b0b4f-592f-4461-854b-12d1024139a3,Causilgey,,TR4 9DL,,,,,,,2026-03-21 05:21:07.549226+00,2026-03-21 05:21:07.549226+00
641522bd-d001-4881-b54b-0d1cf2a366b6,Chard,,TA20 4BU,,,,,,,2026-03-21 05:21:07.549226+00,2026-03-21 05:21:07.549226+00
661d4079-69b2-42cc-b52b-6762eb5b0cce,Homeland,,BH21 6QZ,,,,,,,2026-03-21 05:21:07.549226+00,2026-03-21 05:21:07.549226+00
66b94879-ff98-4e6e-9aae-9715789e3c80,Bournemouth,,BH23 6BG,,,,,,,2026-03-21 05:21:07.549226+00,2026-03-21 05:21:07.549226+00
68002642-0e95-4084-9176-6424ce695433,Bargoed,,CF48 4AE,,,,,,,2026-03-21 05:21:07.549226+00,2026-03-21 05:21:07.549226+00
68e7b2be-fef2-4b23-8858-f091190111a4,Four Burrows,,TR4 8JA,,,,,,,2026-03-21 05:21:07.549226+00,2026-03-21 05:21:07.549226+00
6b00dd26-48e5-47ce-b5da-0f9ad0f781e1,Caddington 2,,LU1 4AR,,,,,,,2026-03-21 05:21:07.549226+00,2026-03-21 05:21:07.549226+00
6b325d0e-37a2-48ea-8fd2-1168285faacd,Rotherdale,,WR10 2LD,,,,,,,2026-03-21 05:21:07.549226+00,2026-03-21 05:21:07.549226+00
6ccb1622-cbbd-45c1-a721-520787f681c2,Grange Farm (GT),,PL15 8NS,,,,,,,2026-03-21 05:21:07.549226+00,2026-03-21 05:21:07.549226+00
6e386ddf-c597-4858-9410-5107ea542426,Hill House,,GL7 2AN,,,,,,,2026-03-21 05:21:07.549226+00,2026-03-21 05:21:07.549226+00
7008a3b0-a451-4ae6-bda1-d3eac70fde51,New Row,,BA4 4JT,,,,,,,2026-03-21 05:21:07.549226+00,2026-03-21 05:21:07.549226+00
704b8ee8-7308-4b6c-8b4f-6b13d08d4278,Little Bear,,EX5 2DB,,,,,,,2026-03-21 05:21:07.549226+00,2026-03-21 05:21:07.549226+00
72cf5edf-59f4-4183-b940-ee57e295b86b,Triangle,,CB7 5HX,,,,,,,2026-03-21 05:21:07.549226+00,2026-03-21 05:21:07.549226+00
73ae686f-bc08-4527-ab14-5d9355b375b0,Tengore,,TA10 9JL,,,,,,,2026-03-21 05:21:07.549226+00,2026-03-21 05:21:07.549226+00
74044fee-aca8-4de5-9711-38aa887c1ca5,Shotwick,,CH5 2NN,,,,,,,2026-03-21 05:21:07.549226+00,2026-03-21 05:21:07.549226+00
7489eb78-66bc-4e9f-acac-5b5bd0a7d306,West Carclaze,,PL26 8TX,,,,,,,2026-03-21 05:21:07.549226+00,2026-03-21 05:21:07.549226+00
75f6223e-4bf8-4ffa-aa72-d8a227ef9fa1,Crucis Farm,,GL7 5DX,,,,,,,2026-03-21 05:21:07.549226+00,2026-03-21 05:21:07.549226+00
76cacd4e-d4c7-49f2-ada0-8d69ef36fdd2,Fields Farm,,CV47 2DH,,,,,,,2026-03-21 05:21:07.549226+00,2026-03-21 05:21:07.549226+00
79748607-4a39-4ffd-a162-ce6c9aaefc8d,ABP Barry Port,,CF63 3US,,,,,,,2026-03-21 05:21:07.549226+00,2026-03-21 05:21:07.549226+00
7c276e28-fdc2-4a92-a245-4bbcf3d36eba,Eastfields,,CV33 9GX,,,,,,,2026-03-21 05:21:07.549226+00,2026-03-21 05:21:07.549226+00
7c385a75-3c51-44fc-b61f-ab87cbb5129d,Paddock Wood,,TN12 6NS,,,,,,,2026-03-21 05:21:07.549226+00,2026-03-21 05:21:07.549226+00
7e39fc6d-12bf-425a-9d91-44dc01c4de3f,Merston,,PO20 1LL,,,,,,,2026-03-21 05:21:07.549226+00,2026-03-21 05:21:07.549226+00
809fbf9c-4e05-4383-864d-8d1585b84f69,Hornacott,,PL15 9RN,,,,,,,2026-03-21 05:21:07.549226+00,2026-03-21 05:21:07.549226+00
80bc34c4-644f-4aba-b548-1937715db761,Marsh House,,GU10 5HD,,,,,,,2026-03-21 05:21:07.549226+00,2026-03-21 05:21:07.549226+00
834c9db8-6283-4f8a-aafe-1c1a7bb4701d,Odell,,NN29 7XA,,,,,,,2026-03-21 05:21:07.549226+00,2026-03-21 05:21:07.549226+00
88a79345-1e06-4419-8808-2c9cc4065780,Wickham,,IP13 9ND,,,,,,,2026-03-21 05:21:07.549226+00,2026-03-21 05:21:07.549226+00
8902d246-0160-4b37-81e7-ac6ecfe98040,Twin Yards,,DE55 2FW,,,,,,,2026-03-21 05:21:07.549226+00,2026-03-21 05:21:07.549226+00
8bce325a-dfc0-46ef-a0bc-ad7b369e47a9,Castle Combe,,SN14 7EY,,,,,,,2026-03-21 05:21:07.549226+00,2026-03-21 05:21:07.549226+00
8beff1f5-09e4-484d-b62b-ca25a4d46f4b,Ford Farm,,BN44 3AT,,,,,,,2026-03-21 05:21:07.549226+00,2026-03-21 05:21:07.549226+00
8e78cd39-69c4-496c-9ad2-e8a66a7cc478,Pyde Drove,,TA7 8DN,,,,,,,2026-03-21 05:21:07.549226+00,2026-03-21 05:21:07.549226+00
8ed93a20-1877-44fe-8432-229a7e296da6,Great Wilbraham,,CB8 0UH,,,,,,,2026-03-21 05:21:07.549226+00,2026-03-21 05:21:07.549226+00
93760475-85f7-4550-8a50-1e6a665bfeed,Court Colman,,CF32 0HE,,,,,,,2026-03-21 05:21:07.549226+00,2026-03-21 05:21:07.549226+00
9380be71-85a1-4db9-9dcf-cb45afe3b74c,Caddington 1,,LU1 4AJ,,,,,,,2026-03-21 05:21:07.549226+00,2026-03-21 05:21:07.549226+00
9529ebf9-9cb7-44c8-bacd-d997e37c42e2,Bentley,,BN8 5AE,,,,,,,2026-03-21 05:21:07.549226+00,2026-03-21 05:21:07.549226+00
9556dcde-37a4-4fcc-89d4-183c1e5c1ac0,Charity Farm,,SY4 5TB,,,,,,,2026-03-21 05:21:07.549226+00,2026-03-21 05:21:07.549226+00
9c70a8cd-1dc3-4a6f-a747-abb23d24470f,Branston,,LN4 1NJ,,,,,,,2026-03-21 05:21:07.549226+00,2026-03-21 05:21:07.549226+00
9d774d8e-109a-48ce-88f5-fac2d4538127,Strettington,,PO18 0LB,,,,,,,2026-03-21 05:21:07.549226+00,2026-03-21 05:21:07.549226+00
9ef7b709-cb63-4d77-aa1f-bc47e5452eaf,Trehawke,,PL14 3RH,,,,,,,2026-03-21 05:21:07.549226+00,2026-03-21 05:21:07.549226+00
9f490210-bb12-45ff-a63d-582b51973e16,Bent Spur,,BL4 8SJ,,,,,,,2026-03-21 05:21:07.549226+00,2026-03-21 05:21:07.549226+00
a2b68f26-bacc-4106-a4c2-29ab429c022c,Hall Farm,,GL14 1EG,,,,,,,2026-03-21 05:21:07.549226+00,2026-03-21 05:21:07.549226+00
a3bd66b2-4234-43ae-b3ed-00987980b979,Langunnett,,PL22 0NN,,,,,,,2026-03-21 05:21:07.549226+00,2026-03-21 05:21:07.549226+00
a80308a1-d5bc-4596-bbd5-234a30573a4e,West Farm,,SA72 4UN,,,,,,,2026-03-21 05:21:07.549226+00,2026-03-21 05:21:07.549226+00
a929d602-f984-49cb-b2de-be7eee83fd94,Shoals Hook,,SA62 4PB,,,,,,,2026-03-21 05:21:07.549226+00,2026-03-21 05:21:07.549226+00
abebfe97-1877-4de5-a64c-e29d9cd267aa,Errol Estate,,PH2 7NL,,,,,,,2026-03-21 05:21:07.549226+00,2026-03-21 05:21:07.549226+00
acddca06-77aa-406f-bf93-3ade753e9531,Place Farm,,TN26 2LZ,,,,,,,2026-03-21 05:21:07.549226+00,2026-03-21 05:21:07.549226+00
adfe59d5-b65e-41cc-ac0b-319af4cebeda,Glebe,,NN29 7XA,,,,,,,2026-03-21 05:21:07.549226+00,2026-03-21 05:21:07.549226+00
b08ca683-63e6-4b12-a37b-56fb3561f29b,Newby West,,CA2 6QY,,,,,,,2026-03-21 05:21:07.549226+00,2026-03-21 05:21:07.549226+00
b1e63efb-f0d5-413c-8098-8e182acda3a1,Broxted,,CB8 9YD,,,,,,,2026-03-21 05:21:07.549226+00,2026-03-21 05:21:07.549226+00
b3058443-1992-4c8e-8a11-b198f58f822c,Spriggs Farm,,CB10 2SA,,,,,,,2026-03-21 05:21:07.549226+00,2026-03-21 05:21:07.549226+00
b7257de4-72a9-4e15-85f3-5cb8a84e860a,Galton,,DT2 8BY,,,,,,,2026-03-21 05:21:07.549226+00,2026-03-21 05:21:07.549226+00
b76a341e-bf56-4d7b-9e4f-4e9c3278c1cf,Red Hill,,TA21 0DL,,,,,,,2026-03-21 05:21:07.549226+00,2026-03-21 05:21:07.549226+00
bb08c76f-6d3b-4cb3-8ed5-3496221fba77,Ring o Bells,,SN14 8HH,,,,,,,2026-03-21 05:21:07.549226+00,2026-03-21 05:21:07.549226+00
bc1f5a25-6112-42e0-bac9-9e3faa230259,Morton,,DN22 8HE,,,,,,,2026-03-21 05:21:07.549226+00,2026-03-21 05:21:07.549226+00
bc21d3e4-e614-4a39-bd56-174459fefdce,Canada Farm,,DT11 0LU,,,,,,,2026-03-21 05:21:07.549226+00,2026-03-21 05:21:07.549226+00
bcab8720-b6a2-4d7f-b0de-c5a7fbf5a5a9,Cheshire Coppice,,TF5 0DA,,,,,,,2026-03-21 05:21:07.549226+00,2026-03-21 05:21:07.549226+00
c03b22d5-5a96-4366-bbe8-93cc8f0425e6,Westmills,,SN6 8TH,,,,,,,2026-03-21 05:21:07.549226+00,2026-03-21 05:21:07.549226+00
c26437d6-7f4a-4966-9454-9a7269c3819b,Baglan Bay,,SA12 7BP,,,,,,,2026-03-21 05:21:07.549226+00,2026-03-21 05:21:07.549226+00
c5315694-8b7f-47d2-bd40-5c4e9683c999,Lackford,,IP28 6HS,,,,,,,2026-03-21 05:21:07.549226+00,2026-03-21 05:21:07.549226+00
c5982799-c68f-4afe-9dec-f92778adaddb,Roundponds,,SN12 8DF,,,,,,,2026-03-21 05:21:07.549226+00,2026-03-21 05:21:07.549226+00
c6487aa5-b323-4494-b184-bd90defd7755,Oaklands,,BH20 7PA,,,,,,,2026-03-21 05:21:07.549226+00,2026-03-21 05:21:07.549226+00
c9028bc5-0449-4fc0-a6b2-f5a736e7931f,Golden Hill,,SA71 4TH,,,,,,,2026-03-21 05:21:07.549226+00,2026-03-21 05:21:07.549226+00
ca54a62a-5394-4e2e-a8cb-1f89beebe990,Hazard,,TQ9 7LN,,,,,,,2026-03-21 05:21:07.549226+00,2026-03-21 05:21:07.549226+00
cac8ad0a-d3e2-49a9-8036-4ffe6f4257c0,Oving,,PO20 2FT,,,,,,,2026-03-21 05:21:07.549226+00,2026-03-21 05:21:07.549226+00
d21b5faa-1f48-4c05-af77-b9c3ac183146,Banwell,,BS29 6PQ,,,,,,,2026-03-21 05:21:07.549226+00,2026-03-21 05:21:07.549226+00
d25c3494-c0d2-49c9-b830-423961694f03,Wolves,,WV1 3RD,,,,,,,2026-03-21 05:21:07.549226+00,2026-03-21 05:21:07.549226+00
d2f705cd-1311-4d64-bf9f-a867a6c47d26,Crundale Extension,,SA62 4PY,,,,,,,2026-03-21 05:21:07.549226+00,2026-03-21 05:21:07.549226+00
d333568b-b5dc-4425-8c91-7d2c45d7b41d,Marshborough,,CT3 2BZ,,,,,,,2026-03-21 05:21:07.549226+00,2026-03-21 05:21:07.549226+00
d3aebd40-fbd7-4405-a640-0bf08fa4e5e6,Ashby,,LE65 2UN,,,,,,,2026-03-21 05:21:07.549226+00,2026-03-21 05:21:07.549226+00
d48e90ac-4b8c-4cbf-94e5-09cdac9956ab,Actrees,,GL13 9PP,,,,,,,2026-03-21 05:21:07.549226+00,2026-03-21 05:21:07.549226+00
d5d7d26f-a684-4e77-86ff-57ebe03113b4,Sudbrook,,NP26 5SZ,,,,,,,2026-03-21 05:21:07.549226+00,2026-03-21 05:21:07.549226+00
d778cfd6-23af-4569-acbc-0dc0cdfbed3a,Grange,,LN10 6YY,,,,,,,2026-03-21 05:21:07.549226+00,2026-03-21 05:21:07.549226+00
d7d4b3d3-a2c5-4833-a618-eca457423bdc,Bodmin 2,,PL31 2PF,,,,,,,2026-03-21 05:21:07.549226+00,2026-03-21 05:21:07.549226+00
d8025d9c-bfd8-4b13-9c26-73a9b52cc0c9,Creswell,,S80 4HT,,,,,,,2026-03-21 05:21:07.549226+00,2026-03-21 05:21:07.549226+00
e0eee0e2-a5e4-4b97-9778-a30aade9ba07,Copley,,NG23 5AT,,,,,,,2026-03-21 05:21:07.549226+00,2026-03-21 05:21:07.549226+00
e34802ce-3b6f-4e74-92d5-7be62639d901,Lee,,PO41 0XN,,,,,,,2026-03-21 05:21:07.549226+00,2026-03-21 05:21:07.549226+00
e7abc42b-c23c-4f49-a3a0-d86f986a58a0,Brick Kiln Lane,,NR14 8AJ,,,,,,,2026-03-21 05:21:07.549226+00,2026-03-21 05:21:07.549226+00
e9cad788-32f0-4c96-a172-9926cc121c9f,Luscott Barton,,EX31 4DE,,,,,,,2026-03-21 05:21:07.549226+00,2026-03-21 05:21:07.549226+00
eda1c206-48d2-4708-bb03-15641b727b76,Bystock Farm,,EX8 5ED,,,,,,,2026-03-21 05:21:07.549226+00,2026-03-21 05:21:07.549226+00
eeeb89fe-a3c6-4d33-9050-665e52e0cfa0,Barn Farm,,CO11 2UX,,,,,,,2026-03-21 05:21:07.549226+00,2026-03-21 05:21:07.549226+00
ef861583-51d8-452e-8287-d992b268a718,Goddards Green,,RH17 5AL,,,,,,,2026-03-21 05:21:07.549226+00,2026-03-21 05:21:07.549226+00
f18e25df-4a14-4aa1-baa4-cee9d3c493ad,Wrockwardine,,TF6 5EY,,,,,,,2026-03-21 05:21:07.549226+00,2026-03-21 05:21:07.549226+00
f34e5c19-f7dc-44c1-8bc1-4264e4d15bda,Rexon,,PL16 0RL,,,,,,,2026-03-21 05:21:07.549226+00,2026-03-21 05:21:07.549226+00
f729d7fa-6443-488e-bec0-9866df33cac1,Honington,,IP31 1EH,,,,,,,2026-03-21 05:21:07.549226+00,2026-03-21 05:21:07.549226+00
f72f6f56-e784-4242-8502-bfffcf32b649,Manston,,CT12 5AS,,,,,,,2026-03-21 05:21:07.549226+00,2026-03-21 05:21:07.549226+00
f7f68a4f-0a07-44f1-bfc1-b4833f87b498,Hurcott,,TA19 0JS,,,,,,,2026-03-21 05:21:07.549226+00,2026-03-21 05:21:07.549226+00
f95895e7-f735-4fd2-95d2-3c07f10de690,Crundale,,SA62 4PY,,,,,,,2026-03-21 05:21:07.549226+00,2026-03-21 05:21:07.549226+00
f9d2e6f5-2a41-4900-9b63-736556c4a2ce,Tamar Heights,,EX22 6JX,,,,,,,2026-03-21 05:21:07.549226+00,2026-03-21 05:21:07.549226+00
fbce879b-688b-4661-b889-192ef547328e,Cairnhill,,AB53 5TN,,,,,,,2026-03-21 05:21:07.549226+00,2026-03-21 05:21:07.549226+00
fc5d9e01-0dff-4835-a068-d925d8ab7662,Emberton,,MK46 5DN,,,,,,,2026-03-21 05:21:07.549226+00,2026-03-21 05:21:07.549226+00